"country_name","country_code","anio","tasa.de.inflacion","tasa_wins_low","tasa_shifted","inflacion_log"
"Aruba","ABW",2000,1.03610080269524,1.03610080269524,14.3836477540938,2.66609198869844
"Aruba","ABW",2010,-1.22340655068425,-1.22340655068425,12.1241404007143,2.49519853952394
"Aruba","ABW",2023,6.70946117676064,6.70946117676064,20.0570081281592,2.99857862525682
NA,"AFE",2000,11.1173058824862,11.1173058824862,24.4648528338847,3.19723750934939
NA,"AFE",2010,5.88302203486953,5.88302203486953,19.2305689862681,2.95650114763244
NA,"AFE",2023,6.92132238472385,6.92132238472385,20.2688693361224,3.00908617874644
"Afganistán","AFG",2000,NA,NA,NA,NA
"Afganistán","AFG",2010,3.81463031545211,3.81463031545211,17.1621772668506,2.84270796636379
"Afganistán","AFG",2023,2.92366213121669,2.92366213121669,16.2712090826152,2.78939723209092
NA,"AFW",2000,4.81543026173506,4.81543026173506,18.1629772131336,2.89938530319038
NA,"AFW",2010,5.36905277481954,5.36905277481954,18.7165997262181,2.92941081599444
NA,"AFW",2023,3.43696324528173,3.43696324528173,16.7845101966803,2.82045644899224
"Angola","AGO",2000,418.018991534099,418.018991534099,431.366538485498,6.06695816600816
"Angola","AGO",2010,32.2704691224412,32.2704691224412,45.6180160738397,3.82030272783169
"Angola","AGO",2023,17.6001393484509,17.6001393484509,30.9476862998494,3.43229824027321
"Albania","ALB",2000,5.91957346525058,5.91957346525058,19.2671204166491,2.95840003777005
"Albania","ALB",2010,4.12744389120799,4.12744389120799,17.4749908426065,2.8607707640915
"Albania","ALB",2023,6.0660520944985,6.0660520944985,19.413599045897,2.9659738022436
"Andorra","AND",2000,28.7415528975991,28.7415528975991,42.0890998489976,3.73978879621493
"Andorra","AND",2010,0.374313758110119,0.374313758110119,13.7218607095087,2.61899023332873
"Andorra","AND",2023,6.29560082401824,6.29560082401824,19.6431477754168,2.97772856378125
"El mundo árabe","ARB",2000,11.4595357939894,11.4595357939894,24.8070827453879,3.21112920696866
"El mundo árabe","ARB",2010,12.0069509099953,12.0069509099953,25.3544978613938,3.23295614472801
"El mundo árabe","ARB",2023,1.34137848153398,1.34137848153398,14.6889254329325,2.68709383794811
"Emiratos Árabes Unidos","ARE",2000,11.4595357939894,11.4595357939894,24.8070827453879,3.21112920696866
"Emiratos Árabes Unidos","ARE",2010,16.5278863640702,16.5278863640702,29.8754333154687,3.39703651442996
"Emiratos Árabes Unidos","ARE",2023,-1.30420015855995,-1.30420015855995,12.0433467928386,2.48851237408051
"Argentina","ARG",2000,1.03728710073175,1.03728710073175,14.3848340521303,2.6661744607625
"Argentina","ARG",2010,20.915124272047,20.915124272047,34.2626712234455,3.53405645901724
"Argentina","ARG",2023,135.368876310592,135.368876310592,148.716423261991,5.00204129297599
"Armenia","ARM",2000,-1.37367599828147,-1.37367599828147,11.9738709531171,2.48272685518745
"Armenia","ARM",2010,7.76871548067652,7.76871548067652,21.1162624320751,3.05004347499908
"Armenia","ARM",2023,2.67300354889213,2.67300354889213,16.0205505002907,2.77387230436383
"Samoa Americana","ASM",2000,NA,NA,NA,NA
"Samoa Americana","ASM",2010,-15.3648895532304,-12.3475469513985,1,0
"Samoa Americana","ASM",2023,NA,NA,NA,NA
"Antigua y Barbuda","ATG",2000,1.53551541337367,1.53551541337367,14.8830623647722,2.70022381231434
"Antigua y Barbuda","ATG",2010,1.60741690564493,1.60741690564493,14.9549638570435,2.70504327529821
"Antigua y Barbuda","ATG",2023,4.91194084907252,4.91194084907252,18.2594878004711,2.90468482441585
"Australia","AUS",2000,2.5507652827131,2.5507652827131,15.8983122341116,2.76621295479399
"Australia","AUS",2010,1.15377249328591,1.15377249328591,14.5013194446844,2.67423964147176
"Australia","AUS",2023,6.51199894950456,6.51199894950456,19.8595459009031,2.9886847933457
"Austria","AUT",2000,1.36731376651514,1.36731376651514,14.7148607179137,2.68885791632726
"Austria","AUT",2010,0.891338694909649,0.891338694909649,14.2388856463082,2.65597664774675
"Austria","AUT",2023,6.64765359130317,6.64765359130317,19.9952005427017,2.99549227189098
"Azerbaiyán","AZE",2000,12.4927738128452,12.4927738128452,25.8403207642437,3.25193609231428
"Azerbaiyán","AZE",2010,13.8276655951811,13.8276655951811,27.1752125465796,3.30230525437796
"Azerbaiyán","AZE",2023,-9.32261489254115,-9.32261489254115,4.02493205885739,1.39250803094108
"Burundi","BDI",2000,38.9448932030909,38.9448932030909,52.2924401544894,3.95685181290754
"Burundi","BDI",2010,8.56155516425477,8.56155516425477,21.9091021156533,3.086902172195
"Burundi","BDI",2023,10.8749340609701,10.8749340609701,24.2224810123686,3.18728116939267
"Bélgica","BEL",2000,2.01459208675317,2.01459208675317,15.3621390381517,2.73190597832005
"Bélgica","BEL",2010,1.70310444520605,1.70310444520605,15.0506513966046,2.71142127242466
"Bélgica","BEL",2023,4.5081215034371,4.5081215034371,17.8556684548356,2.88232101830898
"Benin","BEN",2000,4.3410556635676,4.3410556635676,17.6886026149661,2.87292051211581
"Benin","BEN",2010,0.880885670477909,0.880885670477909,14.2284326218764,2.65524225999704
"Benin","BEN",2023,3.38561739537163,3.38561739537163,16.7331643467702,2.81739263917999
"Burkina Faso","BFA",2000,-0.819773185220825,-0.819773185220825,12.5277737661777,2.5279480808301
"Burkina Faso","BFA",2010,3.77961872815705,3.77961872815705,17.1271656795556,2.84066583919226
"Burkina Faso","BFA",2023,1.99804752407688,1.99804752407688,15.3455944754754,2.73082842798441
"Bangladesh","BGD",2000,3.44665934914798,3.44665934914798,16.7942063005465,2.82103396386756
"Bangladesh","BGD",2010,7.14466302810841,7.14466302810841,20.4922099795069,3.02004481292603
"Bangladesh","BGD",2023,6.89712404003441,6.89712404003441,20.244670991433,3.00789159800275
"Bulgaria","BGR",2000,7.38083885101,7.38083885101,20.7283858024085,3.03150405570762
"Bulgaria","BGR",2010,0.764129878916592,0.764129878916592,14.1116768303151,2.64700259865607
"Bulgaria","BGR",2023,7.98419924336682,7.98419924336682,21.3317461947654,3.06019639480359
"Bahrein","BHR",2000,14.3225240993621,14.3225240993621,27.6700710507606,3.32035136158595
"Bahrein","BHR",2010,12.0069509099953,12.0069509099953,25.3544978613938,3.23295614472801
"Bahrein","BHR",2023,-4.28437217979031,-4.28437217979031,9.06317477160823,2.20421947496574
"Bahamas","BHS",2000,0.92270742527738,0.92270742527738,14.2702543766759,2.65817725730575
"Bahamas","BHS",2010,-0.392565565624793,-0.392565565624793,12.9549813857737,2.56148037717582
"Bahamas","BHS",2023,6.63956583586531,6.63956583586531,19.9871127872639,2.99508770522765
"Bosnia y Herzegovina","BIH",2000,30.3325930267657,30.3325930267657,43.6801399781642,3.77689353605982
"Bosnia y Herzegovina","BIH",2010,1.40629396620604,1.40629396620604,14.7538409176046,2.69150345008085
"Bosnia y Herzegovina","BIH",2023,7.29122677163825,7.29122677163825,20.6387737230368,3.02717152620479
"Belarús","BLR",2000,185.290761160986,185.290761160986,198.638308112385,5.29148562380754
"Belarús","BLR",2010,11.3403098820794,11.3403098820794,24.6878568334779,3.20631149657118
"Belarús","BLR",2023,8.04676215128896,8.04676215128896,21.3943091026875,3.06312495688125
"Belice","BLZ",2000,1.44428759552335,1.44428759552335,14.7918345469219,2.69407530871412
"Belice","BLZ",2010,2.2485368571529,2.2485368571529,15.5960838085514,2.74701984482683
"Belice","BLZ",2023,6.50970161380764,6.50970161380764,19.8572485652062,2.98856910748886
"Bermudas","BMU",2000,-4.23635614734731,-4.23635614734731,9.11119080405123,2.20950341667589
"Bermudas","BMU",2010,2.23622200255707,2.23622200255707,15.5837689539556,2.7462299209404
"Bermudas","BMU",2023,3.84503523133317,3.84503523133317,17.1925821827317,2.84447802235059
"Bolivia","BOL",2000,5.19540520801752,5.19540520801752,18.5429521594161,2.92008977936112
"Bolivia","BOL",2010,8.77750811554523,8.77750811554523,22.1250550669438,3.09671067979231
"Bolivia","BOL",2023,-0.505250417036535,-0.505250417036535,12.842296534362,2.55274414008502
"Brasil","BRA",2000,5.60606514085735,5.60606514085735,18.9536120922559,2.94199452509287
"Brasil","BRA",2010,8.42333833760436,8.42333833760436,21.7708852890029,3.08057353996869
"Brasil","BRA",2023,5.15950107377019,5.15950107377019,18.5070480251687,2.91815163386543
"Barbados","BRB",2000,-1.32283915557818,-1.32283915557818,12.0247077958204,2.4869635159727
"Barbados","BRB",2010,18.8527289921361,18.8527289921361,32.2002759435346,3.47197502218863
"Barbados","BRB",2023,3.18212980720116,3.18212980720116,16.5296767585997,2.80515735680808
"Brunei Darussalam","BRN",2000,2.37672035245946,2.37672035245946,15.724267303858,2.7552052071517
"Brunei Darussalam","BRN",2010,4.98008956509719,4.98008956509719,18.3276365164957,2.90841011281222
"Brunei Darussalam","BRN",2023,-12.8472514374463,-12.3475469513985,1,0
"Bhután","BTN",2000,16.5271465816956,16.5271465816956,29.8746935330941,3.39701175189259
"Bhután","BTN",2010,8.32696241504689,8.32696241504689,21.6745093664454,3.07613688649094
"Bhután","BTN",2023,4.37406197211145,4.37406197211145,17.72160892351,2.87478473809294
"Botswana","BWA",2000,14.1709669143697,14.1709669143697,27.5185138657682,3.31485900963635
"Botswana","BWA",2010,7.68549223641305,7.68549223641305,21.0330391878116,3.04609449604965
"Botswana","BWA",2023,1.73900386471155,1.73900386471155,15.0865508161101,2.71380367250493
"República Centroafricana","CAF",2000,8.5066010783456,8.5066010783456,21.8541480297441,3.08439074470226
"República Centroafricana","CAF",2010,4.21130931097511,4.21130931097511,17.5588562623736,2.86555845296349
"República Centroafricana","CAF",2023,3.57480170924984,3.57480170924984,16.9223486606484,2.82863515427589
"Canadá","CAN",2000,4.37419903632332,4.37419903632332,17.7217459877219,2.87479247236145
"Canadá","CAN",2010,2.84863779561802,2.84863779561802,16.1961847470166,2.78477570505821
"Canadá","CAN",2023,1.3572659269347,1.3572659269347,14.7048128783332,2.68817484688815
"Europa Central y del Báltico","CEB",2000,5.53606175369798,5.53606175369798,18.8836087050965,2.93829428149374
"Europa Central y del Báltico","CEB",2010,0.920113149429753,0.920113149429753,14.2676601008283,2.65799544473099
"Europa Central y del Báltico","CEB",2023,9.86569270234997,9.86569270234997,23.2132396537485,3.1447227906299
"Suiza","CHE",2000,1.36728532051116,1.36728532051116,14.7148322719097,2.68885598317737
"Suiza","CHE",2010,0.312736587500311,0.312736587500311,13.6602835388989,2.61449261080122
"Suiza","CHE",2023,0.896277329147281,0.896277329147281,14.2438242805458,2.6563234289554
"Islas del Canal","CHI",2000,NA,NA,NA,NA
"Islas del Canal","CHI",2010,2.31458551003772,2.31458551003772,15.6621324614363,2.75124585379753
"Islas del Canal","CHI",2023,5.75258289973107,5.75258289973107,19.1001298511296,2.94969513351794
"Chile","CHL",2000,4.56004348660028,4.56004348660028,17.9075904379988,2.88522466977984
"Chile","CHL",2010,8.85744148942345,8.85744148942345,22.204988440822,3.10031696817748
"Chile","CHL",2023,6.58777169908957,6.58777169908957,19.9353186504881,2.99249296517951
"China","CHN",2000,2.09978437202267,2.09978437202267,15.4473313234212,2.73743625854858
"China","CHN",2010,6.92845731295996,6.92845731295996,20.2760042643585,3.00943813092565
"China","CHN",2023,-0.50570453916356,-0.50570453916356,12.841842412235,2.55270877801756
"Côte d'Ivoire","CIV",2000,1.60101728726917,1.60101728726917,14.9485642386677,2.70461525767748
"Côte d'Ivoire","CIV",2010,1.5162179241976,1.5162179241976,14.8637648755961,2.69892636356613
"Côte d'Ivoire","CIV",2023,2.55136540148222,2.55136540148222,15.8989123528808,2.76625070140723
"Camerún","CMR",2000,1.53156295867964,1.53156295867964,14.8791099100782,2.6999582097447
"Camerún","CMR",2010,0.688187082777645,0.688187082777645,14.0357340341762,2.64160650870816
"Camerún","CMR",2023,4.65972285962381,4.65972285962381,18.0072698110224,2.89077555474937
"Congo, República Democrática del","COD",2000,2630.1226744224,2630.1226744224,2643.4702213738,7.87984781076386
"Congo, República Democrática del","COD",2010,20.7863251488693,20.7863251488693,34.1338721002678,3.53029020800026
"Congo, República Democrática del","COD",2023,14.183736519641,14.183736519641,27.5312834710395,3.31532293888289
"Congo, República del","COG",2000,47.0400830761822,47.0400830761822,60.3876300275807,4.10078428309834
"Congo, República del","COG",2010,29.4176837966296,29.4176837966296,42.7652307480281,3.75572540673965
"Congo, República del","COG",2023,-7.56770228699291,-7.56770228699291,5.77984466440563,1.75437680765285
"Colombia","COL",2000,33.6753705095567,33.6753705095567,47.0229174609552,3.85063508842134
"Colombia","COL",2010,3.80486029146383,3.80486029146383,17.1524072428624,2.84213852777714
"Colombia","COL",2023,6.9523623210511,6.9523623210511,20.2999092724496,3.0106164167003
"Comoras","COM",2000,-4.46002451335903,-4.46002451335903,8.88752243803951,2.1846483198001
"Comoras","COM",2010,0.682462151697223,0.682462151697223,14.0300091030958,2.64119854294493
"Comoras","COM",2023,5.6441347664765,5.6441347664765,18.991681717875,2.94400107897978
"Cabo Verde","CPV",2000,-7.90110347163402,-7.90110347163402,5.44644347976452,1.69496282313676
"Cabo Verde","CPV",2010,0.654415406092099,0.654415406092099,14.0019623574906,2.63919748818478
"Cabo Verde","CPV",2023,4.09632947552478,4.09632947552478,17.4438764269233,2.858988665968
"Costa Rica","CRI",2000,9.38971354763002,9.38971354763002,22.7372604990286,3.12400501048601
"Costa Rica","CRI",2010,6.62884486179367,6.62884486179367,19.9763918131922,2.99455116698176
"Costa Rica","CRI",2023,-0.0879225971163464,-0.0879225971163464,13.2596243542822,2.58472365511678
"Estados pequeos del Caribe","CSS",2000,1.48990150444851,1.48990150444851,14.837448455847,2.69715428601885
"Estados pequeos del Caribe","CSS",2010,3.11039463821389,3.11039463821389,16.4579415896124,2.80080813211977
"Estados pequeos del Caribe","CSS",2023,3.04806745664039,3.04806745664039,16.3956144080389,2.79701388492465
"Cuba","CUB",2000,1.74116359273691,1.74116359273691,15.0887105441355,2.71394681811042
"Cuba","CUB",2010,1.20204852948169,1.20204852948169,14.5495954808802,2.67756319122966
"Cuba","CUB",2023,40.0007086568723,40.0007086568723,53.3482556082708,3.97684128008613
"Curacao","CUW",2000,NA,NA,NA,NA
"Curacao","CUW",2010,2.77999992864359,2.77999992864359,16.1275468800421,2.7805287962588
"Curacao","CUW",2023,2.40355185282858,2.40355185282858,15.7510988042271,2.75691012818591
"Islas Caimán","CYM",2000,NA,NA,NA,NA
"Islas Caimán","CYM",2010,-0.20640583789077,-0.20640583789077,13.1411411135078,2.57574785201856
"Islas Caimán","CYM",2023,3.64092096854627,3.64092096854627,16.9884679199448,2.83253475621725
"Chipre","CYP",2000,2.74345132203368,2.74345132203368,16.0909982734322,2.77826000217679
"Chipre","CYP",2010,1.88138203943318,1.88138203943318,15.2289289908317,2.72319684209893
"Chipre","CYP",2023,3.81221826103813,3.81221826103813,17.1597652124367,2.84256741170728
"República Checa","CZE",2000,1.75947549849747,1.75947549849747,15.107022449896,2.71515969861966
"República Checa","CZE",2010,-0.485125297413731,-0.485125297413731,12.8624216539848,2.55431001010059
"República Checa","CZE",2023,8.12594136636018,8.12594136636018,21.4734883177587,3.0668190727388
"Alemania","DEU",2000,-0.343812764756009,-0.343812764756009,13.0037341866425,2.5652365613409
"Alemania","DEU",2010,0.682498550164752,0.682498550164752,14.0300455015633,2.64120113727114
"Alemania","DEU",2023,6.14291652076442,6.14291652076442,19.490463472163,2.96992529323483
"Djibouti","DJI",2000,NA,NA,NA,NA
"Djibouti","DJI",2010,NA,NA,NA,NA
"Djibouti","DJI",2023,2.39662979617457,2.39662979617457,15.7441767475731,2.75647056659172
"Dominica","DMA",2000,-1.78273060588334,-1.78273060588334,11.5648163455152,2.44796741535975
"Dominica","DMA",2010,0.929049061895853,0.929049061895853,14.2765960132944,2.65862155407658
"Dominica","DMA",2023,2.08922149000234,2.08922149000234,15.4367684414009,2.73675222485405
"Dinamarca","DNK",2000,3.01337858164912,3.01337858164912,16.3609255330477,2.79489590249909
"Dinamarca","DNK",2010,3.18685979296221,3.18685979296221,16.5344067443608,2.80544346700937
"Dinamarca","DNK",2023,-3.78891799880031,-3.78891799880031,9.55862895259823,2.25744430177821
"República Dominicana","DOM",2000,7.21804471469494,7.21804471469494,20.5655916660935,3.02361937180553
"República Dominicana","DOM",2010,5.3493113436178,5.3493113436178,18.6968582950163,2.92835550413192
"República Dominicana","DOM",2023,5.7871768273554,5.7871768273554,19.1347237787539,2.95150468338042
"Argelia","DZA",2000,22.6780091895684,22.6780091895684,36.0255561409669,3.58422857940604
"Argelia","DZA",2010,15.5569181218379,15.5569181218379,28.9044650732364,3.3639960839884
"Argelia","DZA",2023,0.854841037314543,0.854841037314543,14.2023879887131,2.65341011868776
"Asia oriental y el Pacífico (excluido altos ingresos)","EAP",2000,2.63973022261635,2.63973022261635,15.9872771740149,2.77179322929508
"Asia oriental y el Pacífico (excluido altos ingresos)","EAP",2010,6.26499886932319,6.26499886932319,19.6125458207217,2.97616945435836
"Asia oriental y el Pacífico (excluido altos ingresos)","EAP",2023,4.60143307078241,4.60143307078241,17.948980022181,2.88753329004296
"inicial del dividendo demográfico","EAR",2000,7.21804471469494,7.21804471469494,20.5655916660935,3.02361937180553
"inicial del dividendo demográfico","EAR",2010,7.00928360259741,7.00928360259741,20.3568305539959,3.0134165093285
"inicial del dividendo demográfico","EAR",2023,4.80427142694981,4.80427142694981,18.1518183783483,2.89877074182746
"Asia oriental y el Pacífico","EAS",2000,2.59524775266473,2.59524775266473,15.9427947040633,2.76900698447243
"Asia oriental y el Pacífico","EAS",2010,2.94861183213928,2.94861183213928,16.2961587835378,2.79092942258947
"Asia oriental y el Pacífico","EAS",2023,4.09957591317935,4.09957591317935,17.4471228645779,2.85917475623368
"Europa y Asia central (excluido altos ingresos)","ECA",2000,27.1617380473374,27.1617380473374,40.5092849987359,3.70153120706466
"Europa y Asia central (excluido altos ingresos)","ECA",2010,8.90130951132168,8.90130951132168,22.2488564627202,3.10229061235756
"Europa y Asia central (excluido altos ingresos)","ECA",2023,7.90666411689693,7.90666411689693,21.2542110682955,3.05655504365754
"Europa y Asia central","ECS",2000,4.47967905605343,4.47967905605343,17.827226007452,2.88072683970683
"Europa y Asia central","ECS",2010,1.95449347938568,1.95449347938568,15.3020404307842,2.7279861809957
"Europa y Asia central","ECS",2023,6.29282793928431,6.29282793928431,19.6403748906828,2.97758739086445
"Ecuador","ECU",2000,-11.6834509266758,-11.6834509266758,1.66409602472274,0.509282047899131
"Ecuador","ECU",2010,9.01371738601253,9.01371738601253,22.3612643374111,3.10733019129525
"Ecuador","ECU",2023,2.28375927738441,2.28375927738441,15.631306228783,2.74927571284055
"Egipto, República Árabe de","EGY",2000,3.9444069943829,3.9444069943829,17.2919539457814,2.85024130347668
"Egipto, República Árabe de","EGY",2010,10.1068646295721,10.1068646295721,23.4544115809706,3.15505860431888
"Egipto, República Árabe de","EGY",2023,24.7990758719001,24.7990758719001,38.1466228232986,3.64143723017633
"Zona del Euro","EMU",2000,3.00679251713987,3.00679251713987,16.3543394685384,2.7944932730478
"Zona del Euro","EMU",2010,0.836737273982592,0.836737273982592,14.1842842253811,2.65213460702159
"Zona del Euro","EMU",2023,6.1890982952545,6.1890982952545,19.536645246653,2.972291945419
"Eritrea","ERI",2000,24.9775947531466,24.9775947531466,38.3251417045451,3.64610612219514
"Eritrea","ERI",2010,-16.2281996990874,-12.3475469513985,1,0
"Eritrea","ERI",2023,NA,NA,NA,NA
"España","ESP",2000,3.41275208349518,3.41275208349518,16.7602990348937,2.8190129370722
"España","ESP",2010,0.292837731273394,0.292837731273394,13.6403846826719,2.61303485455956
"España","ESP",2023,6.23528006974459,6.23528006974459,19.5828270211431,2.97465300978243
"Estonia","EST",2000,3.68470254992069,3.68470254992069,17.0322495013192,2.83510857645753
"Estonia","EST",2010,1.81653769106526,1.81653769106526,15.1640846424638,2.71892977944172
"Estonia","EST",2023,8.05478638343502,8.05478638343502,21.4023333348336,3.06349995042201
"Etiopía","ETH",2000,6.79999995365588,6.79999995365588,20.1475469050544,3.00308253929693
"Etiopía","ETH",2010,1.44457231740682,1.44457231740682,14.7921192688054,2.69409455711379
"Etiopía","ETH",2023,32.9130722654676,32.9130722654676,46.2606192168661,3.83429104229231
"Unión Europea","EUU",2000,3.27013371224606,3.27013371224606,16.6176806636446,2.81046722876525
"Unión Europea","EUU",2010,0.920113149429753,0.920113149429753,14.2676601008283,2.65799544473099
"Unión Europea","EUU",2023,6.29005505455038,6.29005505455038,19.6376020059489,2.97744619801504
"Frágiles y situaciones de conflicto afectados","FCS",2000,9.77706144512396,9.77706144512396,23.1246083965225,3.14089734905067
"Frágiles y situaciones de conflicto afectados","FCS",2010,6.21117756070004,6.21117756070004,19.5587245120986,2.97342145348756
"Frágiles y situaciones de conflicto afectados","FCS",2023,6.07879338818262,6.07879338818262,19.4263403395812,2.96662989462391
"Finlandia","FIN",2000,1.63739243267639,1.63739243267639,14.9849393840749,2.70704565565367
"Finlandia","FIN",2010,0.348872946424805,0.348872946424805,13.6964198978233,2.61713447735695
"Finlandia","FIN",2023,3.47743748643397,3.47743748643397,16.8249844378325,2.82286495058727
"Fiji","FJI",2000,-4.71987387917059,-4.71987387917059,8.62767307222795,2.15497483631943
"Fiji","FJI",2010,4.22978499907929,4.22978499907929,17.5773319504778,2.86661011455495
"Fiji","FJI",2023,4.09957591317935,4.09957591317935,17.4471228645779,2.85917475623368
"Francia","FRA",2000,1.41757333768415,1.41757333768415,14.7651202890827,2.69226766206976
"Francia","FRA",2010,1.089446423803,1.089446423803,14.4369933752015,2.66979389677118
"Francia","FRA",2023,5.30357173576937,5.30357173576937,18.6511186871679,2.92590612751706
"Islas Feroe","FRO",2000,NA,NA,NA,NA
"Islas Feroe","FRO",2010,6.94863066561592,6.94863066561592,20.2961776170145,3.01043257358971
"Islas Feroe","FRO",2023,4.0731868743961,4.0731868743961,17.4207338257946,2.85766109601326
"Micronesia (Estados Federados de)","FSM",2000,1.07890621048246,1.07890621048246,14.426453161881,2.66906354644552
"Micronesia (Estados Federados de)","FSM",2010,3.60298457333592,3.60298457333592,16.9505315247345,2.83029919172621
"Micronesia (Estados Federados de)","FSM",2023,6.2097350189978,6.2097350189978,19.5572819703963,2.97334769638234
"Gabón","GAB",2000,28.0893435970034,28.0893435970034,41.4368905484019,3.72417156010705
"Gabón","GAB",2010,16.5643202141089,16.5643202141089,29.9118671655074,3.39825529682206
"Gabón","GAB",2023,-6.86511608258311,-6.86511608258311,6.48243086881543,1.86909557409544
"Reino Unido","GBR",2000,1.12168276323006,1.12168276323006,14.4692297146286,2.6720243059596
"Reino Unido","GBR",2010,1.5890807297128,1.5890807297128,14.9366276811113,2.70381643006927
"Reino Unido","GBR",2023,6.88853758661627,6.88853758661627,20.2360845380148,3.00746737402596
"Georgia","GEO",2000,4.67821081510431,4.67821081510431,18.0257577665028,2.89180172203787
"Georgia","GEO",2010,15.9058283591544,15.9058283591544,29.2533753105529,3.37599496225293
"Georgia","GEO",2023,2.94809953907664,2.94809953907664,16.2956464904752,2.79089798566486
"Ghana","GHA",2000,27.230113843564,27.230113843564,40.5776607949625,3.70321768845235
"Ghana","GHA",2010,16.5956447322347,16.5956447322347,29.9431916836332,3.39930197596958
"Ghana","GHA",2023,40.1057981965589,40.1057981965589,53.4533451479574,3.97880922013306
"Gibraltar","GIB",2000,NA,NA,NA,NA
"Gibraltar","GIB",2010,NA,NA,NA,NA
"Gibraltar","GIB",2023,NA,NA,NA,NA
"Guinea","GIN",2000,6.30012395836252,6.30012395836252,19.6476709097611,2.97795880252484
"Guinea","GIN",2010,16.1026033748334,16.1026033748334,29.4501503262319,3.38269901454066
"Guinea","GIN",2023,6.09250536857687,6.09250536857687,19.4400523199754,2.96733549038543
"Gambia","GMB",2000,2.2169826127346,2.2169826127346,15.5645295641331,2.74499457948135
"Gambia","GMB",2010,5.64433086097335,5.64433086097335,18.9918778123719,2.94401140420992
"Gambia","GMB",2023,15.6019043954952,15.6019043954952,28.9494513468937,3.36555125209136
"Guinea-Bissau","GNB",2000,-22.9323193799366,-12.3475469513985,1,0
"Guinea-Bissau","GNB",2010,5.21501552229329,5.21501552229329,18.5625624736918,2.92114678214335
"Guinea-Bissau","GNB",2023,5.17485131385651,5.17485131385651,18.522398265255,2.91898071679825
"Guinea Ecuatorial","GNQ",2000,64.7350222970558,64.7350222970558,78.0825692484543,4.35776684689716
"Guinea Ecuatorial","GNQ",2010,24.9065341802403,24.9065341802403,38.2540811316388,3.6442502508329
"Guinea Ecuatorial","GNQ",2023,-7.64752019845845,-7.64752019845845,5.70002675294009,1.74047086832775
"Grecia","GRC",2000,1.61880051326631,1.61880051326631,14.9663474646648,2.7058041783247
"Grecia","GRC",2010,1.18092065228493,1.18092065228493,14.5284676036835,2.67611000771786
"Grecia","GRC",2023,5.87456208154305,5.87456208154305,19.2221090329416,2.95606112868454
"Granada","GRD",2000,2.86302977239589,2.86302977239589,16.2105767237944,2.78566391338702
"Granada","GRD",2010,0.479792195397422,0.479792195397422,13.827339146796,2.62664772997116
"Granada","GRD",2023,2.68435391088869,2.68435391088869,16.0319008622872,2.77458054114377
"Groenlandia","GRL",2000,2.11009321468467,2.11009321468467,15.4576401660832,2.73810339024601
"Groenlandia","GRL",2010,2.02760491933817,2.02760491933817,15.3751518707367,2.73275269141529
"Groenlandia","GRL",2023,1.86374739406516,1.86374739406516,15.2112943454637,2.72203820097163
"Guatemala","GTM",2000,6.83011466821127,6.83011466821127,20.1776616196098,3.004576132077
"Guatemala","GTM",2010,5.13757298846622,5.13757298846622,18.4851199398648,2.91696608086442
"Guatemala","GTM",2023,6.54005195361913,6.54005195361913,19.8875989050177,2.99009636687681
"Guam","GUM",2000,NA,NA,NA,NA
"Guam","GUM",2010,0.237584677615857,0.237584677615857,13.5851316290144,2.60897593212209
"Guam","GUM",2023,NA,NA,NA,NA
"Guyana","GUY",2000,6.58604372567883,6.58604372567883,19.9335906770774,2.99240628242641
"Guyana","GUY",2010,3.97225241927488,3.97225241927488,17.3197993706734,2.85185031938783
"Guyana","GUY",2023,-14.0864299215933,-12.3475469513985,1,0
"Ingreso alto","HIC",2000,2.94912854538181,2.94912854538181,16.2966754967803,2.79096112975787
"Ingreso alto","HIC",2010,1.5047865386211,1.5047865386211,14.8523334900196,2.69815699027898
"Ingreso alto","HIC",2023,4.32898504081504,4.32898504081504,17.6765319922136,2.87223788368217
"Hong Kong, Región Administrativa Especial","HKG",2000,-3.39418705231196,-3.39418705231196,9.95335989908658,2.29791017247017
"Hong Kong, Región Administrativa Especial","HKG",2010,0.270660047329969,0.270660047329969,13.6182069987285,2.61140764732185
"Hong Kong, Región Administrativa Especial","HKG",2023,2.90860125487062,2.90860125487062,16.2561482062692,2.78847118837402
"Honduras","HND",2000,7.99344674107078,7.99344674107078,21.3409936924693,3.06062980957251
"Honduras","HND",2010,4.67604329499009,4.67604329499009,18.0235902463886,2.89168146909371
"Honduras","HND",2023,6.04752279899292,6.04752279899292,19.3950697503915,2.96501889719335
"Países pobres muy endeudados (PPME)","HPC",2000,8.0972754941041,8.0972754941041,21.4448224455026,3.06548323840566
"Países pobres muy endeudados (PPME)","HPC",2010,5.63761163813462,5.63761163813462,18.9851585895332,2.94365754706121
"Países pobres muy endeudados (PPME)","HPC",2023,5.3013415072477,5.3013415072477,18.6488884586462,2.92578654424108
"Croacia","HRV",2000,4.35088461209688,4.35088461209688,17.6984315634954,2.87347602342159
"Croacia","HRV",2010,0.920113149429753,0.920113149429753,14.2676601008283,2.65799544473099
"Croacia","HRV",2023,11.7403306343319,11.7403306343319,25.0878775857304,3.22238476476078
"Haití","HTI",2000,91.3806637936128,91.3806637936128,104.728210745011,4.65136852518396
"Haití","HTI",2010,7.39382346704139,7.39382346704139,20.7413704184399,3.03213027672452
"Haití","HTI",2023,31.5119631448975,31.5119631448975,44.859510096296,3.80353560830787
"Hungría","HUN",2000,9.5965011854622,9.5965011854622,22.9440481368607,3.13305856243021
"Hungría","HUN",2010,2.53120833175369,2.53120833175369,15.8787552831522,2.76498207007387
"Hungría","HUN",2023,15.2103167237835,15.2103167237835,28.557863675182,3.35193233338448
"Sólo BIRF","IBD",2000,7.38083885101,7.38083885101,20.7283858024085,3.03150405570762
"Sólo BIRF","IBD",2010,7.00928360259741,7.00928360259741,20.3568305539959,3.0134165093285
"Sólo BIRF","IBD",2023,5.47333895056279,5.47333895056279,18.8208859019613,2.93496720541713
"BIRF y la AIF","IBT",2000,6.83011466821127,6.83011466821127,20.1776616196098,3.004576132077
"BIRF y la AIF","IBT",2010,6.20154282954809,6.20154282954809,19.5490897809466,2.97292872682814
"BIRF y la AIF","IBT",2023,5.83143840529526,5.83143840529526,19.1789853566938,2.95381516694512
"total de la AIF","IDA",2000,6.468815226824,6.468815226824,19.8163621782225,2.98650796908011
"total de la AIF","IDA",2010,5.63761163813462,5.63761163813462,18.9851585895332,2.94365754706121
"total de la AIF","IDA",2023,5.96161139111402,5.96161139111402,19.3091583425126,2.960579508878
"mezcla de la AIF","IDB",2000,2.99889591177187,2.99889591177187,16.3464428631704,2.79401031178764
"mezcla de la AIF","IDB",2010,4.22978499907929,4.22978499907929,17.5773319504778,2.86661011455495
"mezcla de la AIF","IDB",2023,4.09957591317935,4.09957591317935,17.4471228645779,2.85917475623368
"Indonesia","IDN",2000,20.4474568521459,20.4474568521459,33.7950038035444,3.52031297509986
"Indonesia","IDN",2010,15.2642936576449,15.2642936576449,28.6118406090434,3.35382063945764
"Indonesia","IDN",2023,1.53013198443368,1.53013198443368,14.8776789358322,2.6998620317428
"Sólo AIF","IDX",2000,6.79999995365588,6.79999995365588,20.1475469050544,3.00308253929693
"Sólo AIF","IDX",2010,6.20154282954809,6.20154282954809,19.5490897809466,2.97292872682814
"Sólo AIF","IDX",2023,6.09250536857687,6.09250536857687,19.4400523199754,2.96733549038543
"Isla de Man","IMN",2000,3.30467642451447,3.30467642451447,16.652223375913,2.81254374360217
"Isla de Man","IMN",2010,5.20678784279833,5.20678784279833,18.5543347941969,2.92070344338201
"Isla de Man","IMN",2023,NA,NA,NA,NA
"India","IND",2000,3.64497015989629,3.64497015989629,16.9925171112948,2.83277307722916
"India","IND",2010,10.5260308551661,10.5260308551661,23.8735778065646,3.1727723162811
"India","IND",2023,2.59194954513768,2.59194954513768,15.9394964965362,2.76880008544387
"No clasificado","INX",2000,NA,NA,NA,NA
"No clasificado","INX",2010,NA,NA,NA,NA
"No clasificado","INX",2023,NA,NA,NA,NA
"Irlanda","IRL",2000,6.87495031924017,6.87495031924017,20.2224972706387,3.0067957109434
"Irlanda","IRL",2010,-2.85830310917899,-2.85830310917899,10.4892438422195,2.35035033613222
"Irlanda","IRL",2023,3.62187156697593,3.62187156697593,16.9694185183745,2.83141281338944
"Irán, República Islámica del","IRN",2000,24.9292605173053,24.9292605173053,38.2768074687038,3.64484416364768
"Irán, República Islámica del","IRN",2010,15.882625978134,15.882625978134,29.2301729295325,3.37520149527167
"Irán, República Islámica del","IRN",2023,30.4931404726564,30.4931404726564,43.8406874240549,3.78056232281005
"Iraq","IRQ",2000,24.7463688646273,24.7463688646273,38.0939158160258,3.64005457951278
"Iraq","IRQ",2010,16.5867407502258,16.5867407502258,29.9342877016243,3.39900456925955
"Iraq","IRQ",2023,-15.5347237850081,-12.3475469513985,1,0
"Islandia","ISL",2000,4.02479335088017,4.02479335088017,17.3723403022787,2.85487930360567
"Islandia","ISL",2010,6.36885447339459,6.36885447339459,19.7164014247931,2.98145084899258
"Islandia","ISL",2023,5.78751518746952,5.78751518746952,19.1350621388681,2.95152236626555
"Israel","ISR",2000,1.98521809925423,1.98521809925423,15.3327650506528,2.72999204522023
"Israel","ISR",2010,1.19085795447631,1.19085795447631,14.5384049058749,2.67679376222741
"Israel","ISR",2023,4.54962642927481,4.54962642927481,17.8971733806734,2.88464278868312
"Italia","ITA",2000,1.75602880174426,1.75602880174426,15.1035757531428,2.71493152063093
"Italia","ITA",2010,0.597839702916559,0.597839702916559,13.9453866543151,2.63514874778829
"Italia","ITA",2023,5.91461605792436,5.91461605792436,19.2621630093229,2.95814270584416
"Jamaica","JAM",2000,10.5870802513251,10.5870802513251,23.9346272027236,3.17532624731994
"Jamaica","JAM",2010,9.81023516820396,9.81023516820396,23.1577821196025,3.14233088471688
"Jamaica","JAM",2023,11.2461389383731,11.2461389383731,24.5936858897716,3.20248973884515
"Jordania","JOR",2000,-0.413869577569187,-0.413869577569187,12.9336773738294,2.5598345586766
"Jordania","JOR",2010,8.07745609713074,8.07745609713074,21.4250030485293,3.06455860677225
"Jordania","JOR",2023,1.82791592575342,1.82791592575342,15.175462877152,2.71967983909335
"Japón","JPN",2000,-1.33626008992121,-1.33626008992121,12.0112868614773,2.4858467795173
"Japón","JPN",2010,-1.88074195006213,-1.88074195006213,11.4668050013364,2.43945633970851
"Japón","JPN",2023,4.06819848886964,4.06819848886964,17.4157454402682,2.85737470739618
"Kazajstán","KAZ",2000,17.4264026783762,17.4264026783762,30.7739496297747,3.42666854085523
"Kazajstán","KAZ",2010,19.5422853937296,19.5422853937296,32.8898323451281,3.49316356274584
"Kazajstán","KAZ",2023,9.52224688247536,9.52224688247536,22.8697938338739,3.12981699329681
"Kenya","KEN",2000,6.07984848923864,6.07984848923864,19.4273954406372,2.96668420605806
"Kenya","KEN",2010,1.63919964802533,1.63919964802533,14.9867465994239,2.70716625049455
"Kenya","KEN",2023,6.10780209189015,6.10780209189015,19.4553490432887,2.96812204733385
"Kirguistán","KGZ",2000,27.1617380473374,27.1617380473374,40.5092849987359,3.70153120706466
"Kirguistán","KGZ",2010,10.0339035419669,10.0339035419669,23.3814504933654,3.15194299404106
"Kirguistán","KGZ",2023,19.8591989518512,19.8591989518512,33.2067459032497,3.5027530451391
"Camboya","KHM",2000,-3.23183761779971,-3.23183761779971,10.1157093335988,2.31408959506146
"Camboya","KHM",2010,6.26499886932319,6.26499886932319,19.6125458207217,2.97616945435836
"Camboya","KHM",2023,1.01760752523781,1.01760752523781,14.3651544766364,2.66480544605504
"Kiribati","KIR",2000,0.999325838938006,0.999325838938006,14.3468727903365,2.66353199443838
"Kiribati","KIR",2010,-0.858180747963971,-0.858180747963971,12.4893662034346,2.52487757852926
"Kiribati","KIR",2023,8.7035532168332,8.7035532168332,22.0511001682317,3.09336249489905
"Saint Kitts y Nevis","KNA",2000,-5.75137393409402,-5.75137393409402,7.59617301730452,2.02764457011356
"Saint Kitts y Nevis","KNA",2010,0.628549213284927,0.628549213284927,13.9760961646835,2.63734845350953
"Saint Kitts y Nevis","KNA",2023,3.33799687467391,3.33799687467391,16.6855438260725,2.81454270538344
"Corea, República de","KOR",2000,1.02176500548737,1.02176500548737,14.3693119568859,2.66509481842172
"Corea, República de","KOR",2010,2.73749683726491,2.73749683726491,16.0850437886634,2.77788988301638
"Corea, República de","KOR",2023,2.06407396162432,2.06407396162432,15.4116209130229,2.73512182959032
"Kuwait","KWT",2000,20.521710179026,20.521710179026,33.8692571304245,3.52250773362265
"Kuwait","KWT",2010,11.1033505813839,11.1033505813839,24.4508975327824,3.19666692415438
"Kuwait","KWT",2023,-8.06536067457306,-8.06536067457306,5.28218627682548,1.66434007959643
"América Latina y el Caribe (excluido altos ingresos)","LAC",2000,6.21808990453431,6.21808990453431,19.5656368559329,2.97377480590863
"América Latina y el Caribe (excluido altos ingresos)","LAC",2010,5.3860653879626,5.3860653879626,18.7336123393611,2.93031936168083
"América Latina y el Caribe (excluido altos ingresos)","LAC",2023,5.91734981317416,5.91734981317416,19.2648967645727,2.95828461936004
"República Democrática Popular Lao","LAO",2000,24.7977766095657,24.7977766095657,38.1453235609642,3.6414031699014
"República Democrática Popular Lao","LAO",2010,9.19657111138675,9.19657111138675,22.5441180627853,3.11547419213628
"República Democrática Popular Lao","LAO",2023,24.4217202066693,24.4217202066693,37.7692671580678,3.63149573378442
"Líbano","LBN",2000,-2.08798314732812,-2.08798314732812,11.2595638040704,2.42121788342393
"Líbano","LBN",2010,0.578606723263135,0.578606723263135,13.9261536746617,2.63376863154935
"Líbano","LBN",2023,202.907703485723,202.907703485723,216.255250437122,5.37645942499527
"Liberia","LBR",2000,53.8122567933531,53.8122567933531,67.1598037447516,4.20707491000066
"Liberia","LBR",2010,6.51200368905668,6.51200368905668,19.8595506404552,2.98868503199928
"Liberia","LBR",2023,4.8121348688661,4.8121348688661,18.1596818202646,2.89920385210912
"Libia","LBY",2000,13.3068623002662,13.3068623002662,26.6544092516647,3.28295458727035
"Libia","LBY",2010,19.278545342939,19.278545342939,32.6260922943375,3.48511234536861
"Libia","LBY",2023,-5.34146995735976,-5.34146995735976,8.00607699403878,2.0802008775662
"Santa Lucía","LCA",2000,1.11583405037081,1.11583405037081,14.4633810017693,2.6716200069493
"Santa Lucía","LCA",2010,5.42281943230741,5.42281943230741,18.7703663837059,2.93227937005128
"Santa Lucía","LCA",2023,1.49011520385767,1.49011520385767,14.8376621552562,2.69716868862122
"América Latina y el Caribe","LCN",2000,4.56004348660028,4.56004348660028,17.9075904379988,2.88522466977984
"América Latina y el Caribe","LCN",2010,4.66587233874676,4.66587233874676,18.0134192901453,2.89111699625625
"América Latina y el Caribe","LCN",2023,3.55292131750056,3.55292131750056,16.9004682688991,2.82734132976404
"Países menos desarrollados: clasificación de las Naciones Unidas","LDC",2000,6.35158672796916,6.35158672796916,19.6991336793677,2.98057465911037
"Países menos desarrollados: clasificación de las Naciones Unidas","LDC",2010,6.26499886932319,6.26499886932319,19.6125458207217,2.97616945435836
"Países menos desarrollados: clasificación de las Naciones Unidas","LDC",2023,5.91391099076696,5.91391099076696,19.2614579421655,2.95810610143679
"Países de ingreso bajo","LIC",2000,9.95129683328201,9.95129683328201,23.2988437846805,3.14840373636531
"Países de ingreso bajo","LIC",2010,5.64097124955398,5.64097124955398,18.9885182009525,2.94383449128743
"Países de ingreso bajo","LIC",2023,6.02467833682891,6.02467833682891,19.3722252882275,2.96384035405355
"Liechtenstein","LIE",2000,1.55252192703072,1.55252192703072,14.9000688784293,2.7013658356541
"Liechtenstein","LIE",2010,NA,NA,NA,NA
"Liechtenstein","LIE",2023,NA,NA,NA,NA
"Sri Lanka","LKA",2000,7.27743020932476,7.27743020932476,20.6249771607233,3.02650282486126
"Sri Lanka","LKA",2010,26.9348761761573,26.9348761761573,40.2824231275558,3.69591522313027
"Sri Lanka","LKA",2023,16.6674742441681,16.6674742441681,30.0150211955666,3.40169796286936
"Países de ingreso mediano bajo","LMC",2000,6.07984848923864,6.07984848923864,19.4273954406372,2.96668420605806
"Países de ingreso mediano bajo","LMC",2010,8.07745609713074,8.07745609713074,21.4250030485293,3.06455860677225
"Países de ingreso mediano bajo","LMC",2023,6.08564937837974,6.08564937837974,19.4331963297783,2.96698275473784
"Ingreso mediano y bajo","LMY",2000,7.87758076554194,7.87758076554194,21.2251277169405,3.05518574946743
"Ingreso mediano y bajo","LMY",2010,6.8992650940543,6.8992650940543,20.2468120454528,3.00799735130499
"Ingreso mediano y bajo","LMY",2023,5.83143840529526,5.83143840529526,19.1789853566938,2.95381516694512
"Lesotho","LSO",2000,6.30021825194582,6.30021825194582,19.6477652033444,2.97796360173781
"Lesotho","LSO",2010,5.33711013720971,5.33711013720971,18.6846570886083,2.92770271054042
"Lesotho","LSO",2023,-0.368097835928623,-0.368097835928623,12.9794491154699,2.56336726934833
"avanzada del dividendo demográfico","LTE",2000,5.96172044816086,5.96172044816086,19.3092673995594,2.96058515680614
"avanzada del dividendo demográfico","LTE",2010,5.50170840316412,5.50170840316412,18.8492553545627,2.936473409377
"avanzada del dividendo demográfico","LTE",2023,5.47350813061986,5.47350813061986,18.8210550820184,2.93497619432964
"Lituania","LTU",2000,1.33167340047487,1.33167340047487,14.6792203518734,2.6864329122306
"Lituania","LTU",2010,2.12172150752954,2.12172150752954,15.4692684589281,2.73885537574406
"Lituania","LTU",2023,9.0217556386887,9.0217556386887,22.3693025900872,3.10768959889121
"Luxemburgo","LUX",2000,4.60847350000999,4.60847350000999,17.9560204514085,2.88792545989256
"Luxemburgo","LUX",2010,4.64841750360225,4.64841750360225,17.9959644550008,2.89014753581587
"Luxemburgo","LUX",2023,6.29005505455038,6.29005505455038,19.6376020059489,2.97744619801504
"Letonia","LVA",2000,3.77491627532211,3.77491627532211,17.1224632267207,2.84039124042931
"Letonia","LVA",2010,-0.483861317727076,-0.483861317727076,12.8636856336715,2.55440827445699
"Letonia","LVA",2023,6.03923850637449,6.03923850637449,19.386785457773,2.9645916720026
"Región Administrativa Especial de Macao, China","MAC",2000,-1.74586574852759,-1.74586574852759,11.6016812028709,2.45115001889277
"Región Administrativa Especial de Macao, China","MAC",2010,4.79057327948998,4.79057327948998,18.1381202308885,2.89801581367738
"Región Administrativa Especial de Macao, China","MAC",2023,4.63587983513787,4.63587983513787,17.9834267865364,2.88945059967887
"Isla de San Martín (parte francesa)","MAF",2000,NA,NA,NA,NA
"Isla de San Martín (parte francesa)","MAF",2010,NA,NA,NA,NA
"Isla de San Martín (parte francesa)","MAF",2023,NA,NA,NA,NA
"Marruecos","MAR",2000,-1.76759868448363,-1.76759868448363,11.5799482669149,2.44927500468365
"Marruecos","MAR",2010,0.647501047462967,0.647501047462967,13.9950479988615,2.63870355267654
"Marruecos","MAR",2023,6.36094888191869,6.36094888191869,19.7084958333172,2.98104980335231
"Mónaco","MCO",2000,1.39857560337128,1.39857560337128,14.7461225547698,2.69098017058472
"Mónaco","MCO",2010,1.06946196046083,1.06946196046083,14.4170089118594,2.66840868397894
"Mónaco","MCO",2023,5.30290144286643,5.30290144286643,18.650448394265,2.92587018838874
"República de Moldova","MDA",2000,27.328751985976,27.328751985976,40.6762989373745,3.70564558713422
"República de Moldova","MDA",2010,33.3049320977984,33.3049320977984,46.6524790491969,3.84272606734328
"República de Moldova","MDA",2023,9.2778242250748,9.2778242250748,22.6253711764733,3.1190718950414
"Madagascar","MDG",2000,11.5703529669413,11.5703529669413,24.9178999183398,3.21558641742828
"Madagascar","MDG",2010,10.2185410293303,10.2185410293303,23.5660879807288,3.15980872865976
"Madagascar","MDG",2023,7.46514940472542,7.46514940472542,20.812696356124,3.03556320222464
"Maldivas","MDV",2000,2.03241260876274,2.03241260876274,15.3799595601613,2.73306533469571
"Maldivas","MDV",2010,3.34374733032874,3.34374733032874,16.6912942817273,2.81488728300299
"Maldivas","MDV",2023,1.88425401280709,1.88425401280709,15.2318009642056,2.72338541101285
"Oriente Medio, Norte de África, Afganistán y Pakistán","MEA",2000,11.9091729389784,11.9091729389784,25.2567198903769,3.22909225458628
"Oriente Medio, Norte de África, Afganistán y Pakistán","MEA",2010,10.8459974219042,10.8459974219042,24.1935443733027,3.18608583614171
"Oriente Medio, Norte de África, Afganistán y Pakistán","MEA",2023,1.82791592575342,1.82791592575342,15.175462877152,2.71967983909335
"México","MEX",2000,10.6979645467813,10.6979645467813,24.0455114981798,3.17994834704152
"México","MEX",2010,4.37296439073866,4.37296439073866,17.7205113421372,2.87472280154034
"México","MEX",2023,4.48311577788125,4.48311577788125,17.8306627292798,2.88091960052135
"Islas Marshall","MHL",2000,-1.1157329105915,-1.1157329105915,12.231814040807,2.50404026583028
"Islas Marshall","MHL",2010,0.955505038419616,0.955505038419616,14.3030519898182,2.66047294035521
"Islas Marshall","MHL",2023,6.51974948608529,6.51974948608529,19.8672964374838,2.98907498477411
"Ingreso mediano","MIC",2000,7.0240796914531,7.0240796914531,20.3716266428516,3.01414308187875
"Ingreso mediano","MIC",2010,7.00928360259741,7.00928360259741,20.3568305539959,3.0134165093285
"Ingreso mediano","MIC",2023,5.83143840529526,5.83143840529526,19.1789853566938,2.95381516694512
"Macedonia del Norte","MKD",2000,8.17838315960276,8.17838315960276,21.5259301110013,3.06925826011201
"Macedonia del Norte","MKD",2010,2.04128302301487,2.04128302301487,15.3888299744134,2.73364191990638
"Macedonia del Norte","MKD",2023,7.76656608250489,7.76656608250489,21.1141130339034,3.04994168105812
"Malí","MLI",2000,-0.619727920385088,-0.619727920385088,12.7278190310135,2.54379007275507
"Malí","MLI",2010,3.12168308887819,3.12168308887819,16.4692300402767,2.80149379387253
"Malí","MLI",2023,2.1918487834367,2.1918487834367,15.5393957348352,2.74337845968124
"Malta","MLT",2000,-9.89868766410321,-9.89868766410321,3.44885928729533,1.23804353500569
"Malta","MLT",2010,2.76562917696803,2.76562917696803,16.1131761283666,2.77963733035566
"Malta","MLT",2023,5.27725464427249,5.27725464427249,18.624801595671,2.92449411162746
"Myanmar","MMR",2000,2.46177398804086,2.46177398804086,15.8093209394394,2.76059969896684
"Myanmar","MMR",2010,7.04321189366061,7.04321189366061,20.3907588450591,3.01508180042446
"Myanmar","MMR",2023,10.7876664463339,10.7876664463339,24.1352133977324,3.18367191091022
"Oriente Medio y Norte de África (excluido altos ingresos)","MNA",2000,10.4416072420693,10.4416072420693,23.7891541934678,3.16922977065501
"Oriente Medio y Norte de África (excluido altos ingresos)","MNA",2010,10.3477544459983,10.3477544459983,23.6953013973968,3.16527677521191
"Oriente Medio y Norte de África (excluido altos ingresos)","MNA",2023,2.92366213121669,2.92366213121669,16.2712090826152,2.78939723209092
"Montenegro","MNE",2000,32.8964982204042,32.8964982204042,46.2440451718027,3.83393270262695
"Montenegro","MNE",2010,1.60420269843273,1.60420269843273,14.9517496498313,2.70482832642235
"Montenegro","MNE",2023,10.5429703323513,10.5429703323513,23.8905172837498,3.17348161383456
"Mongolia","MNG",2000,11.999691388142,11.999691388142,25.3472383395405,3.23266978286166
"Mongolia","MNG",2010,39.1781879703741,39.1781879703741,52.5257349217726,3.96130323848035
"Mongolia","MNG",2023,21.7690280161027,21.7690280161027,35.1165749675012,3.55867324030676
"Mariana","MNP",2000,NA,NA,NA,NA
"Mariana","MNP",2010,-0.880503144654085,-0.880503144654085,12.4670438067445,2.5230886671727
"Mariana","MNP",2023,NA,NA,NA,NA
"Mozambique","MOZ",2000,11.6155528700327,11.6155528700327,24.9630998214312,3.21739872735384
"Mozambique","MOZ",2010,7.64522798725267,7.64522798725267,20.9927749386512,3.04417832798404
"Mozambique","MOZ",2023,5.3013415072477,5.3013415072477,18.6488884586462,2.92578654424108
"Mauritania","MRT",2000,6.35158672796916,6.35158672796916,19.6991336793677,2.98057465911037
"Mauritania","MRT",2010,22.3431687773344,22.3431687773344,35.6907157287329,3.57489059134226
"Mauritania","MRT",2023,3.37147741701096,3.37147741701096,16.7190243684095,2.81654725478238
"Mauricio","MUS",2000,3.4099293453387,3.4099293453387,16.7574762967372,2.81884450476216
"Mauricio","MUS",2010,1.12641892024499,1.12641892024499,14.4739658716435,2.67235157853343
"Mauricio","MUS",2023,6.58941111022855,6.58941111022855,19.9369580616271,2.99257519831367
"Malawi","MWI",2000,30.5339536745164,30.5339536745164,43.8815006259149,3.78149283322508
"Malawi","MWI",2010,12.12722206117,12.12722206117,25.4747690125685,3.2376885118476
"Malawi","MWI",2023,22.8067220172078,22.8067220172078,36.1542689686063,3.58779503205053
"Malasia","MYS",2000,8.85521685144839,8.85521685144839,22.2027638028469,3.10021677675303
"Malasia","MYS",2010,7.26684593389439,7.26684593389439,20.6143928852929,3.02598951558176
"Malasia","MYS",2023,-1.87225562537837,-1.87225562537837,11.4752913260202,2.44019614351281
"América del Norte","NAC",2000,2.26519517470729,2.26519517470729,15.6127421261058,2.748087383809
"América del Norte","NAC",2010,2.23622200255707,2.23622200255707,15.5837689539556,2.7462299209404
"América del Norte","NAC",2023,3.59839135378085,3.59839135378085,16.9459383051794,2.83002817709806
"Namibia","NAM",2000,11.2811266523565,11.2811266523565,24.628673603755,3.20391135781002
"Namibia","NAM",2010,3.72589849891101,3.72589849891101,17.0734454503095,2.83752435887063
"Namibia","NAM",2023,6.59887817758647,6.59887817758647,19.946425128985,2.99304993574958
"Nueva Caledonia","NCL",2000,5.96172044816086,5.96172044816086,19.3092673995594,2.96058515680614
"Nueva Caledonia","NCL",2010,NA,NA,NA,NA
"Nueva Caledonia","NCL",2023,NA,NA,NA,NA
"Níger","NER",2000,3.17839370074471,3.17839370074471,16.5259406521432,2.80493130709157
"Níger","NER",2010,3.47504301438173,3.47504301438173,16.8225899657803,2.82272262400958
"Níger","NER",2023,3.48830909519184,3.48830909519184,16.8358560465904,2.82351090053858
"Nigeria","NGA",2000,22.6737374008784,22.6737374008784,36.0212843522769,3.58410999575502
"Nigeria","NGA",2010,16.342766325307,16.342766325307,29.6903132767055,3.39082084030995
"Nigeria","NGA",2023,12.6218692275514,12.6218692275514,25.9694161789499,3.25691954482705
"Nicaragua","NIC",2000,8.56622835977541,8.56622835977541,21.9137753111739,3.08711544872145
"Nicaragua","NIC",2010,6.13808678977298,6.13808678977298,19.4856337411715,2.96967746282791
"Nicaragua","NIC",2023,10.781773656599,10.781773656599,24.1293206079975,3.18342772374938
"Países Bajos","NLD",2000,3.27013371224606,3.27013371224606,16.6176806636446,2.81046722876525
"Países Bajos","NLD",2010,0.710272807048582,0.710272807048582,14.0578197584471,2.64317880739162
"Países Bajos","NLD",2023,7.34374256326598,7.34374256326598,20.6912895146645,3.02971281531866
"Noruega","NOR",2000,15.3333099280118,15.3333099280118,28.6808568794103,3.35622989253093
"Noruega","NOR",2010,5.95536132115183,5.95536132115183,19.3029082725504,2.9602557722555
"Noruega","NOR",2023,-11.0768034229592,-11.0768034229592,2.27074352843934,0.820107323429964
"Nepal","NPL",2000,4.47243371871953,4.47243371871953,17.8199806701181,2.88032033731245
"Nepal","NPL",2010,15.1469324490072,15.1469324490072,28.4944794004057,3.3497103632624
"Nepal","NPL",2023,5.74902859335131,5.74902859335131,19.0965755447499,2.94950902812726
"Nauru","NRU",2000,5.56672058214838,5.56672058214838,18.9142675335469,2.93991653322982
"Nauru","NRU",2010,-9.77529314788642,-9.77529314788642,3.57225380351212,1.27319671410488
"Nauru","NRU",2023,6.59678707770139,6.59678707770139,19.9443340290999,2.99294509443138
"Nueva Zelandia","NZL",2000,2.8848785091145,2.8848785091145,16.232425460513,2.78701081339939
"Nueva Zelandia","NZL",2010,3.15972682701364,3.15972682701364,16.5072737784122,2.80380111882259
"Nueva Zelandia","NZL",2023,4.14984857819299,4.14984857819299,17.4973955295915,2.86205204297317
"Miembros OCDE","OED",2000,3.14175614694759,3.14175614694759,16.4893030983461,2.80271187360119
"Miembros OCDE","OED",2010,1.20307231890119,1.20307231890119,14.5506192702997,2.67763355424441
"Miembros OCDE","OED",2023,6.03768636266751,6.03768636266751,19.385233314066,2.96451160685475
"Omán","OMN",2000,17.5450242892462,17.5450242892462,30.8925712406447,3.43051574207576
"Omán","OMN",2010,14.3749912143336,14.3749912143336,27.7225381657321,3.32224573455029
"Omán","OMN",2023,-4.73311882118645,-4.73311882118645,8.61442813021209,2.15343848706993
"Otros Estados pequeos","OSS",2000,2.87117361690277,2.87117361690277,16.2187205683013,2.78616616569331
"Otros Estados pequeos","OSS",2010,2.32350560820061,2.32350560820061,15.6710525595992,2.7518152244758
"Otros Estados pequeos","OSS",2023,4.82565830819197,4.82565830819197,18.1732052595905,2.89994827079077
"Pakistán","PAK",2000,68.0104449967103,68.0104449967103,81.3579919481088,4.39885907036528
"Pakistán","PAK",2010,10.5886442624245,10.5886442624245,23.936191213823,3.17539159030557
"Pakistán","PAK",2023,25.9899711408111,25.9899711408111,39.3375180922096,3.67217872231313
"Panamá","PAN",2000,-1.5225069769965,-1.5225069769965,11.825039974402,2.4702193148714
"Panamá","PAN",2010,2.55070367962715,2.55070367962715,15.8982506310257,2.76620907996726
"Panamá","PAN",2023,1.70673831397947,1.70673831397947,15.054285265378,2.71166268590656
"Perú","PER",2000,3.5247200388048,3.5247200388048,16.8722669902033,2.82567126750618
"Perú","PER",2010,5.71072859407522,5.71072859407522,19.0582755454738,2.9475014190791
"Perú","PER",2023,6.3353956438818,6.3353956438818,19.6829425952803,2.97975240256469
"Filipinas","PHL",2000,5.81693354424897,5.81693354424897,19.1644804956475,2.95305859153308
"Filipinas","PHL",2010,4.37088436444888,4.37088436444888,17.7184313158474,2.87460541506455
"Filipinas","PHL",2023,4.60143307078241,4.60143307078241,17.948980022181,2.88753329004296
"Palau","PLW",2000,6.46792407996581,6.46792407996581,19.8154710313643,2.98646299781403
"Palau","PLW",2010,-0.0645345108797954,-0.0645345108797954,13.2830124405187,2.5864859587244
"Palau","PLW",2023,8.24170916269065,8.24170916269065,21.5892561140892,3.07219578881915
"Papua Nueva Guinea","PNG",2000,13.1024180405978,13.1024180405978,26.4499649919963,3.27525483474942
"Papua Nueva Guinea","PNG",2010,9.9171611234198,9.9171611234198,23.2647080748183,3.14693753739147
"Papua Nueva Guinea","PNG",2023,-4.3417792130993,-4.3417792130993,9.00576773829924,2.19786523188429
"Polonia","POL",2000,6.05771219530757,6.05771219530757,19.4052591467061,2.96554411936742
"Polonia","POL",2010,1.57921733174169,1.57921733174169,14.9267642831402,2.70315586221807
"Polonia","POL",2023,9.86569270234997,9.86569270234997,23.2132396537485,3.1447227906299
"previa al dividendo demográfico","PRE",2000,8.5066010783456,8.5066010783456,21.8541480297441,3.08439074470226
"previa al dividendo demográfico","PRE",2010,6.51200368905668,6.51200368905668,19.8595506404552,2.98868503199928
"previa al dividendo demográfico","PRE",2023,4.8121348688661,4.8121348688661,18.1596818202646,2.89920385210912
"Puerto Rico (US)","PRI",2000,3.29507191678124,3.29507191678124,16.6426188681798,2.81196680691455
"Puerto Rico (US)","PRI",2010,2.49409859201761,2.49409859201761,15.8416455434161,2.76264226630725
"Puerto Rico (US)","PRI",2023,3.46492166645484,3.46492166645484,16.8124686178534,2.82212079076423
"Corea, República Popular Democrática de","PRK",2000,NA,NA,NA,NA
"Corea, República Popular Democrática de","PRK",2010,NA,NA,NA,NA
"Corea, República Popular Democrática de","PRK",2023,NA,NA,NA,NA
"Portugal","PRT",2000,3.42026966696693,3.42026966696693,16.7678166183655,2.8194613716741
"Portugal","PRT",2010,0.782135853055536,0.782135853055536,14.1296828044541,2.64827774806896
"Portugal","PRT",2023,7.0271539680901,7.0271539680901,20.3747009194886,3.01429398022109
"Paraguay","PRY",2000,14.6645054427207,14.6645054427207,28.0120523941192,3.33263486020846
"Paraguay","PRY",2010,4.65570138250342,4.65570138250342,18.003248333902,2.89055220460923
"Paraguay","PRY",2023,2.17499450130833,2.17499450130833,15.5225414527069,2.74229325474501
"Ribera Occidental y Gaza","PSE",2000,10.4416072420693,10.4416072420693,23.7891541934678,3.16922977065501
"Ribera Occidental y Gaza","PSE",2010,13.1963162481764,13.1963162481764,26.5438631995749,3.27879857971174
"Ribera Occidental y Gaza","PSE",2023,-2.42974331682846,-2.42974331682846,10.9178036345701,2.39039481772155
"Estados pequeos de las Islas del Pacfico","PSS",2000,2.17897058141293,2.17897058141293,15.5265175328115,2.74254937072767
"Estados pequeos de las Islas del Pacfico","PSS",2010,1.47170880333948,1.47170880333948,14.819255754738,2.69592739962838
"Estados pequeos de las Islas del Pacfico","PSS",2023,6.59678707770139,6.59678707770139,19.9443340290999,2.99294509443138
"posterior al dividendo demográfico","PST",2000,1.88703379262532,1.88703379262532,15.2345807440239,2.72356789279573
"posterior al dividendo demográfico","PST",2010,1.19148459088331,1.19148459088331,14.5390315422818,2.67683686344153
"posterior al dividendo demográfico","PST",2023,5.97537513844244,5.97537513844244,19.322922089841,2.96129206423389
"Polinesia Francesa","PYF",2000,2.85720915835998,2.85720915835998,16.2047561097585,2.78530478617223
"Polinesia Francesa","PYF",2010,-0.287103184096253,-0.287103184096253,13.0604437673023,2.56958810239063
"Polinesia Francesa","PYF",2023,3.95501085276079,3.95501085276079,17.3025578041593,2.85085434052641
"Qatar","QAT",2000,32.654614947218,32.654614947218,46.0021618986165,3.82868839318074
"Qatar","QAT",2010,6.9793298939115,6.9793298939115,20.32687684531,3.01194399288331
"Qatar","QAT",2023,-10.693481450613,-10.693481450613,2.65406550078554,0.976092615630164
"Rumania","ROU",2000,43.1808548123815,43.1808548123815,56.52840176378,4.03474319793267
"Rumania","ROU",2010,5.93211185989944,5.93211185989944,19.279658811298,2.95905059251637
"Rumania","ROU",2023,12.7699377919606,12.7699377919606,26.1174847433591,3.2626050035754
"Federación de Rusia","RUS",2000,37.6979282123097,37.6979282123097,51.0454751637082,3.93271690529953
"Federación de Rusia","RUS",2010,14.1911095688207,14.1911095688207,27.5386565202192,3.31559070925725
"Federación de Rusia","RUS",2023,7.99857099742052,7.99857099742052,21.3461179488191,3.06086989404659
"Rwanda","RWA",2000,3.27539722143884,3.27539722143884,16.6229441728374,2.81078392011884
"Rwanda","RWA",2010,3.18717431895028,3.18717431895028,16.5347212703488,2.80546248934271
"Rwanda","RWA",2023,11.9488360924784,11.9488360924784,25.2963830438769,3.23066142282072
"Asia meridional","SAS",2000,4.05870193930791,4.05870193930791,17.4062488907065,2.85682927339794
"Asia meridional","SAS",2010,9.42649663510652,9.42649663510652,22.7740435865051,3.12562144825788
"Asia meridional","SAS",2023,5.06154528273138,5.06154528273138,18.4090922341299,2.91284468572565
"Arabia Saudita","SAU",2000,11.9091729389784,11.9091729389784,25.2567198903769,3.22909225458628
"Arabia Saudita","SAU",2010,17.19132715029,17.19132715029,30.5388741016885,3.41900043276148
"Arabia Saudita","SAU",2023,-2.18444626235993,-2.18444626235993,11.1631006890386,2.4126137578825
"Sudán","SDN",2000,9.8531369204179,9.8531369204179,23.2006838718164,3.14418175547129
"Sudán","SDN",2010,22.6694192116219,22.6694192116219,36.0169661630204,3.58399010974361
"Sudán","SDN",2023,29.6896698556388,29.6896698556388,43.0372168070373,3.76206524849864
"Senegal","SEN",2000,1.3086598487922,1.3086598487922,14.6562068001907,2.68486391810725
"Senegal","SEN",2010,1.60441579019933,1.60441579019933,14.9519627415979,2.70484257828271
"Senegal","SEN",2023,3.05250609372929,3.05250609372929,16.4000530451278,2.79728456928394
"Singapur","SGP",2000,3.86347751783269,3.86347751783269,17.2110244692312,2.84555013600732
"Singapur","SGP",2010,1.10780871344616,1.10780871344616,14.4553556648447,2.67106498013584
"Singapur","SGP",2023,-5.0186426400397,-5.0186426400397,8.32890431135884,2.11973191227619
"Islas Salomón","SLB",2000,5.55906379443005,5.55906379443005,18.9066107458286,2.93951163582018
"Islas Salomón","SLB",2010,1.74527790331425,1.74527790331425,15.0928248547128,2.71421945570479
"Islas Salomón","SLB",2023,6.07879338818262,6.07879338818262,19.4263403395812,2.96662989462391
"Sierra Leona","SLE",2000,3.28114119476479,3.28114119476479,16.6286881461633,2.81112940531656
"Sierra Leona","SLE",2010,19.1231180041057,19.1231180041057,32.4706649555042,3.48033706497818
"Sierra Leona","SLE",2023,29.117773087124,29.117773087124,42.4653200385225,3.7486877437283
"El Salvador","SLV",2000,3.27263167049688,3.27263167049688,16.6201786218954,2.81061753677601
"El Salvador","SLV",2010,2.59792051504036,2.59792051504036,15.9454674664389,2.76917461746337
"El Salvador","SLV",2023,2.59374849301966,2.59374849301966,15.9412954444182,2.76891294009862
"San Marino","SMR",2000,2.56773358739586,2.56773358739586,15.9152805387944,2.76727968789848
"San Marino","SMR",2010,1.43035574550051,1.43035574550051,14.777902696899,2.69313300402343
"San Marino","SMR",2023,NA,NA,NA,NA
"República Federal de Somalia","SOM",2000,14.6097983166147,14.6097983166147,27.9573452680132,3.33067996536186
"República Federal de Somalia","SOM",2010,-15.3469023050107,-12.3475469513985,1,0
"República Federal de Somalia","SOM",2023,4.66592261262724,4.66592261262724,18.0134695640258,2.89111978716504
"Serbia","SRB",2000,79.2183508682465,79.2183508682465,92.565897819645,4.52792079973667
"Serbia","SRB",2010,4.95030895713286,4.95030895713286,18.2978559085314,2.90678388951497
"Serbia","SRB",2023,13.8402321392915,13.8402321392915,27.18777909069,3.3027675742009
"África al sur del Sahara (excluido altos ingresos)","SSA",2000,9.18219141567356,9.18219141567356,22.5297383670721,3.11483614173013
"África al sur del Sahara (excluido altos ingresos)","SSA",2010,5.64097124955398,5.64097124955398,18.9885182009525,2.94383449128743
"África al sur del Sahara (excluido altos ingresos)","SSA",2023,5.4727381368621,5.4727381368621,18.8202850882606,2.93493528219663
"Sudán del Sur","SSD",2000,NA,NA,NA,NA
"Sudán del Sur","SSD",2010,12.9264024311492,12.9264024311492,26.2739493825477,3.26857793052296
"Sudán del Sur","SSD",2023,NA,NA,NA,NA
"África al sur del Sahara","SSF",2000,8.5066010783456,8.5066010783456,21.8541480297441,3.08439074470226
"África al sur del Sahara","SSF",2010,5.5803508327402,5.5803508327402,18.9278977841387,2.94063690697519
"África al sur del Sahara","SSF",2023,5.4727381368621,5.4727381368621,18.8202850882606,2.93493528219663
"Pequeños Estados","SST",2000,2.56773358739586,2.56773358739586,15.9152805387944,2.76727968789848
"Pequeños Estados","SST",2010,1.81653769106526,1.81653769106526,15.1640846424638,2.71892977944172
"Pequeños Estados","SST",2023,5.27725464427249,5.27725464427249,18.624801595671,2.92449411162746
"Santo Tomé y Príncipe","STP",2000,9.97601520165648,9.97601520165648,23.323562153055,3.14946410080568
"Santo Tomé y Príncipe","STP",2010,6.96532412446513,6.96532412446513,20.3128710758637,3.0112547282733
"Santo Tomé y Príncipe","STP",2023,21.6884761062027,21.6884761062027,35.0360230576012,3.55637676241232
"Suriname","SUR",2000,60.7428213798917,60.7428213798917,74.0903683312902,4.30528554181977
"Suriname","SUR",2010,7.19655419062693,7.19655419062693,20.5441011420255,3.02257385068592
"Suriname","SUR",2023,32.2686064902092,32.2686064902092,45.6161534416077,3.82026189593193
"República Eslovaca","SVK",2000,9.68118082125189,9.68118082125189,23.0287277726504,3.13674247012911
"República Eslovaca","SVK",2010,0.470528553269702,0.470528553269702,13.8180755046682,2.62597755427719
"República Eslovaca","SVK",2023,10.1401001625624,10.1401001625624,23.4876471139609,3.15647462822017
"Eslovenia","SVN",2000,5.53606175369798,5.53606175369798,18.8836087050965,2.93829428149374
"Eslovenia","SVN",2010,-0.491469444600767,-0.491469444600767,12.8560775067978,2.55381665725943
"Eslovenia","SVN",2023,10.0501066773753,10.0501066773753,23.3976536287738,3.15263574506143
"Suecia","SWE",2000,1.57193732655526,1.57193732655526,14.9194842779538,2.70266802835741
"Suecia","SWE",2010,1.03025947649304,1.03025947649304,14.3778064278916,2.66568579739493
"Suecia","SWE",2023,6.03613421896053,6.03613421896053,19.3836811703591,2.96443153529595
"Eswatini","SWZ",2000,25.3429418650122,25.3429418650122,38.6904888164107,3.65559380281226
"Eswatini","SWZ",2010,3.19717535038886,3.19717535038886,16.5447223017874,2.8060671568137
"Eswatini","SWZ",2023,5.87569998323512,5.87569998323512,19.2232469346337,2.95612032447887
"Sint Maarten (Dutch part)","SXM",2000,NA,NA,NA,NA
"Sint Maarten (Dutch part)","SXM",2010,1.12875903023384,1.12875903023384,14.4763059816324,2.67251324264531
"Sint Maarten (Dutch part)","SXM",2023,2.02312138728323,2.02312138728323,15.3706683386818,2.7324610399286
"Seychelles","SYC",2000,1.25194515123741,1.25194515123741,14.5994921026359,2.6809867406185
"Seychelles","SYC",2010,-2.11971044632016,-2.11971044632016,11.2278365050784,2.41839609703615
"Seychelles","SYC",2023,4.08934911219852,4.08934911219852,17.4368960635971,2.85858842463611
"República Árabe Siria","SYR",2000,9.70098596983003,9.70098596983003,23.0485329212286,3.13760211974802
"República Árabe Siria","SYR",2010,6.8992650940543,6.8992650940543,20.2468120454528,3.00799735130499
"República Árabe Siria","SYR",2023,120.323436768256,120.323436768256,133.670983719655,4.89538143527144
"Islas Turcas y Caicos","TCA",2000,NA,NA,NA,NA
"Islas Turcas y Caicos","TCA",2010,-3.28315695879289,-3.28315695879289,10.0643899926056,2.30900345045982
"Islas Turcas y Caicos","TCA",2023,0.466757158704098,0.466757158704098,13.8143041101026,2.62570458505474
"Chad","TCD",2000,5.28980485990252,5.28980485990252,18.6373518113011,2.92516772895535
"Chad","TCD",2010,5.52309002734579,5.52309002734579,18.8706369787443,2.937607114971
"Chad","TCD",2023,0.0997449105456667,0.0997449105456667,13.4472918619442,2.59877773722017
"Asia oriental y el Pacífico (BIRF y la AIF)","TEA",2000,2.99889591177187,2.99889591177187,16.3464428631704,2.79401031178764
"Asia oriental y el Pacífico (BIRF y la AIF)","TEA",2010,4.37088436444888,4.37088436444888,17.7184313158474,2.87460541506455
"Asia oriental y el Pacífico (BIRF y la AIF)","TEA",2023,6.07879338818262,6.07879338818262,19.4263403395812,2.96662989462391
"Europa y Asia central (BIRF y la AIF)","TEC",2000,25.3131431205105,25.3131431205105,38.660690071909,3.65482332338573
"Europa y Asia central (BIRF y la AIF)","TEC",2010,7.00928360259741,7.00928360259741,20.3568305539959,3.0134165093285
"Europa y Asia central (BIRF y la AIF)","TEC",2023,8.04676215128896,8.04676215128896,21.3943091026875,3.06312495688125
"Togo","TGO",2000,10.0494567461461,10.0494567461461,23.3970036975446,3.15260796705145
"Togo","TGO",2010,-0.0933359947250096,-0.0933359947250096,13.2542109566735,2.58431530999278
"Togo","TGO",2023,2.59456529883668,2.59456529883668,15.9421122502352,2.76896417714486
"Tailandia","THA",2000,1.33104995932025,1.33104995932025,14.6785969107188,2.68639044032956
"Tailandia","THA",2010,4.08098922673743,4.08098922673743,17.428536178136,2.85810887310993
"Tailandia","THA",2023,1.27492169842496,1.27492169842496,14.6224686498235,2.68255929436444
"Tayikistán","TJK",2000,22.631873605948,22.631873605948,35.9794205573465,3.58294712381646
"Tayikistán","TJK",2010,12.4616677349709,12.4616677349709,25.8092146863694,3.25073158654811
"Tayikistán","TJK",2023,3.74356638768386,3.74356638768386,17.0911133390824,2.83855864065116
"Turkmenistán","TKM",2000,23.4645481936837,23.4645481936837,36.8120951450822,3.60582646359465
"Turkmenistán","TKM",2010,2.30608815331743,2.30608815331743,15.653635104716,2.75070316507621
"Turkmenistán","TKM",2023,-3.2837127112537,-3.2837127112537,10.0638342401448,2.3089482292486
"América Latina y el Caribe (BIRF y la AIF)","TLA",2000,5.60606514085735,5.60606514085735,18.9536120922559,2.94199452509287
"América Latina y el Caribe (BIRF y la AIF)","TLA",2010,5.58059737402084,5.58059737402084,18.9281443254194,2.94064993217629
"América Latina y el Caribe (BIRF y la AIF)","TLA",2023,3.94812063069844,3.94812063069844,17.295667582097,2.85045604136069
"Timor-Leste","TLS",2000,2.99889591177187,2.99889591177187,16.3464428631704,2.79401031178764
"Timor-Leste","TLS",2010,10.9637989502854,10.9637989502854,24.3113459016839,3.19094315091248
"Timor-Leste","TLS",2023,-20.8266904790689,-12.3475469513985,1,0
"Oriente Medio y Norte de África (BIRF y la AIF)","TMN",2000,11.5039241350481,11.5039241350481,24.8514710864466,3.21291694944023
"Oriente Medio y Norte de África (BIRF y la AIF)","TMN",2010,10.1068646295721,10.1068646295721,23.4544115809706,3.15505860431888
"Oriente Medio y Norte de África (BIRF y la AIF)","TMN",2023,4.64230550656769,4.64230550656769,17.9898524579662,2.88980784659286
"Tonga","TON",2000,2.63973022261635,2.63973022261635,15.9872771740149,2.77179322929508
"Tonga","TON",2010,7.72158550397988,7.72158550397988,21.0691324553784,3.04780905256776
"Tonga","TON",2023,-0.0224814076680673,-0.0224814076680673,13.3250655437305,2.58964688889388
"Asia meridional (BIRF y la AIF)","TSA",2000,4.05870193930791,4.05870193930791,17.4062488907065,2.85682927339794
"Asia meridional (BIRF y la AIF)","TSA",2010,9.42649663510652,9.42649663510652,22.7740435865051,3.12562144825788
"Asia meridional (BIRF y la AIF)","TSA",2023,5.06154528273138,5.06154528273138,18.4090922341299,2.91284468572565
"África al sur del Sahara (BIRF y la AIF)","TSS",2000,8.5066010783456,8.5066010783456,21.8541480297441,3.08439074470226
"África al sur del Sahara (BIRF y la AIF)","TSS",2010,5.5803508327402,5.5803508327402,18.9278977841387,2.94063690697519
"África al sur del Sahara (BIRF y la AIF)","TSS",2023,5.4727381368621,5.4727381368621,18.8202850882606,2.93493528219663
"Trinidad y Tobago","TTO",2000,12.0431530642792,12.0431530642792,25.3907000156777,3.23438296586342
"Trinidad y Tobago","TTO",2010,12.7333361257462,12.7333361257462,26.0808830771447,3.26120259680517
"Trinidad y Tobago","TTO",2023,-11.904412784526,-11.904412784526,1.44313416687254,0.36681725320522
"Túnez","TUN",2000,3.28357941152886,3.28357941152886,16.6311263629274,2.81127602169458
"Túnez","TUN",2010,9.46502454900151,9.46502454900151,22.8125715004001,3.12731176560191
"Túnez","TUN",2023,7.27160228165806,7.27160228165806,20.6191492330566,3.02622021842902
"Turquía","TUR",2000,49.3607762430324,49.3607762430324,62.7083231944309,4.13849418515152
"Turquía","TUR",2010,7.00928360259741,7.00928360259741,20.3568305539959,3.0134165093285
"Turquía","TUR",2023,68.233934158098,68.233934158098,81.5814811094965,4.40160228902611
"Tuvalu","TUV",2000,14.4533616980466,14.4533616980466,27.8009086494451,3.32506870539428
"Tuvalu","TUV",2010,-0.568181818181813,-0.568181818181813,12.7793651332167,2.54783177112836
"Tuvalu","TUV",2023,6.0040987048763,6.0040987048763,19.3516456562748,2.96277746269542
"Tanzanía","TZA",2000,8.20110424713742,8.20110424713742,21.548651198536,3.07031322519588
"Tanzanía","TZA",2010,9.42871625296149,9.42871625296149,22.77626320436,3.12571890612428
"Tanzanía","TZA",2023,2.74821189393757,2.74821189393757,16.0957588453361,2.77855581153224
"Uganda","UGA",2000,11.1173058824862,11.1173058824862,24.4648528338847,3.19723750934939
"Uganda","UGA",2010,5.63761163813462,5.63761163813462,18.9851585895332,2.94365754706121
"Uganda","UGA",2023,6.74801516641013,6.74801516641013,20.0955621178087,3.00049900052852
"Ucrania","UKR",2000,27.5014120289019,27.5014120289019,40.8489589803004,3.70988133702292
"Ucrania","UKR",2010,13.6732282073329,13.6732282073329,27.0207751587314,3.29660602045258
"Ucrania","UKR",2023,19.8744638547436,19.8744638547436,33.2220108061421,3.5032126323395
"Ingreso mediano alto","UMC",2000,8.85521685144839,8.85521685144839,22.2027638028469,3.10021677675303
"Ingreso mediano alto","UMC",2010,5.91958051283983,5.91958051283983,19.2671274642384,2.9584004035532
"Ingreso mediano alto","UMC",2023,4.6840299599978,4.6840299599978,18.0315769113963,2.8921244938121
"Uruguay","URY",2000,3.53930849282203,3.53930849282203,16.8868554442206,2.82653553493219
"Uruguay","URY",2010,5.74685698442181,5.74685698442181,19.0944039358203,2.94939530446993
"Uruguay","URY",2023,3.41312548351563,3.41312548351563,16.7606724349142,2.81903521566402
"Estados Unidos","USA",2000,2.26519517470729,2.26519517470729,15.6127421261058,2.748087383809
"Estados Unidos","USA",2010,1.21528668332607,1.21528668332607,14.5628336347246,2.67847264160251
"Estados Unidos","USA",2023,3.59839135378085,3.59839135378085,16.9459383051794,2.83002817709806
"Uzbekistán","UZB",2000,47.2926152132159,47.2926152132159,60.6401621646144,4.10495741554912
"Uzbekistán","UZB",2010,48.5816899500968,48.5816899500968,61.9292369014953,4.12599239292177
"Uzbekistán","UZB",2023,13.823039902276,13.823039902276,27.1705868536745,3.30213502253052
"San Vicente y las Granadinas","VCT",2000,7.76171479001309,7.76171479001309,21.1092617414116,3.0497118892644
"San Vicente y las Granadinas","VCT",2010,5.58059737402084,5.58059737402084,18.9281443254194,2.94064993217629
"San Vicente y las Granadinas","VCT",2023,2.91400510607961,2.91400510607961,16.2615520574781,2.7888035520538
"Venezuela","VEN",2000,29.4528251104893,29.4528251104893,42.8003720618878,3.75654679558473
"Venezuela","VEN",2010,45.9432686985893,45.9432686985893,59.2908156499878,4.08245441458177
"Venezuela","VEN",2023,NA,NA,NA,NA
"Islas Vírgenes Británicas","VGB",2000,NA,NA,NA,NA
"Islas Vírgenes Británicas","VGB",2010,NA,NA,NA,NA
"Islas Vírgenes Británicas","VGB",2023,NA,NA,NA,NA
"Islas Vírgenes (EE.UU.)","VIR",2000,NA,NA,NA,NA
"Islas Vírgenes (EE.UU.)","VIR",2010,2.31766890279064,2.31766890279064,15.6652158541892,2.75144270370208
"Islas Vírgenes (EE.UU.)","VIR",2023,NA,NA,NA,NA
"Viet Nam","VNM",2000,3.40882766527606,3.40882766527606,16.7563746166746,2.81877876000094
"Viet Nam","VNM",2010,42.3032672488557,42.3032672488557,55.6508142002542,4.01909670834686
"Viet Nam","VNM",2023,2.09339091583757,2.09339091583757,15.4409378672361,2.73702228544851
"Vanuatu","VUT",2000,2.17897058141293,2.17897058141293,15.5265175328115,2.74254937072767
"Vanuatu","VUT",2010,1.47170880333948,1.47170880333948,14.819255754738,2.69592739962838
"Vanuatu","VUT",2023,13.9414210062978,13.9414210062978,27.2889679576963,3.30648251640516
"Mundo","WLD",2000,4.93680801156091,4.93680801156091,18.2843549629594,2.90604577413795
"Mundo","WLD",2010,4.22978499907929,4.22978499907929,17.5773319504778,2.86661011455495
"Mundo","WLD",2023,5.27725464427249,5.27725464427249,18.624801595671,2.92449411162746
"Samoa","WSM",2000,2.07489862101478,2.07489862101478,15.4224455724133,2.73582395299271
"Samoa","WSM",2010,-5.14594346625773,-5.14594346625773,8.20160348514081,2.10432968212178
"Samoa","WSM",2023,8.08917302447858,8.08917302447858,21.4367199758771,3.06510533829926
"Kosovo","XKX",2000,NA,NA,NA,NA
"Kosovo","XKX",2010,6.39240138953099,6.39240138953099,19.7399483409295,2.98264441702772
"Kosovo","XKX",2023,4.56378849304579,4.56378849304579,17.9113354444443,2.88543377747176
"Yemen, Rep. del","YEM",2000,23.3460519238341,23.3460519238341,36.6935988752326,3.60260232227942
"Yemen, Rep. del","YEM",2010,23.6162920119051,23.6162920119051,36.9638389633036,3.60994010943432
"Yemen, Rep. del","YEM",2023,NA,NA,NA,NA
"Sudáfrica","ZAF",2000,9.18219141567356,9.18219141567356,22.5297383670721,3.11483614173013
"Sudáfrica","ZAF",2010,6.12843243160444,6.12843243160444,19.475979383003,2.96918187973512
"Sudáfrica","ZAF",2023,4.80427142694981,4.80427142694981,18.1518183783483,2.89877074182746
"Zambia","ZMB",2000,32.6138705117288,32.6138705117288,45.9614174631273,3.82780229373925
"Zambia","ZMB",2010,13.9509131934519,13.9509131934519,27.2984601448504,3.30683029564956
"Zambia","ZMB",2023,7.09462960303757,7.09462960303757,20.4421765544361,3.01760024471706
"Zimbabwe","ZWE",2000,0.627900021035785,0.627900021035785,13.9754469724343,2.63730200224593
"Zimbabwe","ZWE",2010,4.09763792616167,4.09763792616167,17.4451848775602,2.85906367232177
"Zimbabwe","ZWE",2023,921.535255534972,921.535255534972,934.88280248637,6.84042117649799
